protein_name,species,sequence
albumin,gorilla_gorilla_gorilla,MKWVTFISLLFLFSSAYSRGVFRRDAHKSEVAHRFKDLGEETFKALVLVAFAQYLQQCPFEDHVKLVNEVTEFAKTCVADESAENCDKSLHTLFGDKLCTVATLRETYGEMADCCAKQEPERNECFLQHKDDNPNLPRLVRPEVDVMCTAFHDNEETFLKKYLYEIARRHPYFYAPELLFFAARYKAAFTECCQAADKAACLLPKLDELRDEGKASSAKQRLKCASLQKFGERAFKAWAVARLSQRFPKAEFAEVSKLVTDLTKVHTECCHGDLLECADDRADLAKYICENQDSISSKLKECCEKPLLEKSHCLAEVENDEMPADLPSLAADFVESKDVCKNYAEAKDVFLGMFLYEYARRHPDYSVVLLLRLAKTYETTLEKCCAAADPHECYAKVFDEFKPLVEEPQNLIKQNCELFEQLGEYKFQNALLVRYTKKVPQVSTPTLVEVSRNLGKVGSKCCKHPEAKRMPCAEDYLSVVLNQLCVLHEKTPVSDRVTKCCTESLVNRRPCFSALEVDETYVPKEFNAETFTFHADICTLSEKERQIKKQTALAELVKHKPKATKEQLKTVMDDFAAFVEKCCKADDKETCFAEEGKKLVAASQAALGL
albumin,pan_paniscus,MKWVTFISLLFLFSSAYSRGVFRRDAHKSEVAHRFKDLGEENFKALVLVAFAQYLQQCPFEDHVKLVNEVTEFAKTCVADESAENCDKSLHTLFGDKLCTVATLREKYGEMADCCAKQEPERNECFLQHKDDNPNLPRLVRPEVDVMCTAFHDNEGTFLKKYLYEVARRHPYFYAPELLFFAERYKAAFTECCQAADKAACLLPKLDELRDEGKASSAKQRLKCASLQKFGERAFKAWAVARLSQRFPKAEFAEVSKLVTDLTKVHTECCHGDLLECADDRADLAKYICENQDSISSKLKECCEKPLLEKSHCLAEVENDEMPADLPSLAADFVESKEVCKNYAEAKDVFLGMFLYEYARRHPDYSVVLLLRLAKTYETTLEKCCAAADPHECYAKVFDEFKPLVEEPQNLIKQNCELFEQLGEYKFQNALLVRYTKKVPQVSTPTLVEVSRNLGKVGSKCCKHPEAKRMPCAEDYLSVVLNQLCVLHEKTPVSDRVTKCCTESLVNRRPCFSALEVDETYVPKEFNAETFTFHADICTLSEKERQIKKQTALVELVKHKPKATKEQLKAVMDDFAAFVEKCCKADDKETCFAEEGKKLVAASQAALGL
albumin,homo_sapiens,MKWVTFISLLFLFSSAYSRGVFRRDALFIFFFPCPDKSEVAHRFKDLGEENFKALVLIAFAQYLQQCPFEDHVKLVNEVTEFAKTCVADESAENCDKSLHTLFGDKLCTVATLRETYGEMADCCAKQEPERNECFLQHKDDNPNLPRLVRPEVDVMCTAFHDNEETFLKKYLYEIARRHPYFYAPELLFFAKRYKAAFTECCQAADKAACLLPKLDELRDEGKASSAKQRLKCASLQKFGERAFKAWAVARLSQRFPKAEFAGVSKLVTDLTKVHTECCHGDLLECADDRADLAKYICENQDSISSKLKECCEKPLLEKSHCIAEVENDEMPADLPSLAADFVESKDVCKNYAEAKDVFLGMFLYEYARRHPDYSVVLLLRLAKTYETTLEKCCAAADPHECYAKVFDEFKPLVEEPQNLIKQNCELFEQLGEYKFQNALLVRYTKKVPQVSTPTLVEVSRNLGKVGSKCCKHPEAKRMPCAEDYLSVVLNQLCVLDEKTPVSDRVTKCCTESLVNRRPCFSALEVDETYVPKEFNAETFTFHADICTLSEKERQIKKQTALVELVKHKPKATKEQLKAVMDDFAAFVEKCCKADDKETCFAEEGKKLVAASQAALGL
albumin,nomascus_leucogenys,MKWVTFISLLLLFSSAYSRGVFRRDAHKSEIAHRFKDLGEENFKALVLVAFAQYLQQCPFEDHVKLVNEVTEFAKTCVADESAENCDKSLHTLFGDKLCTVATLRETYGEMADCCAKQEPERNECFLQHKDDNPNLPPLVRPEVDVMCTAFHDNEETFLKKYLYEIARRHPYFYAPELLFFAERYKAAFTECCQAADKAACLLPKLDGLRDEGKASSAKQRLKCASLQKFGERAFKAWAVARLSQRFPKAEFAEVSKLVTDLTKVHTECCHGDLLECADDRADLAKYICENQDSISSKLKECCEKPLLEKSHCLAEVENDEMPADLPSLAADFVESKDVCKNYAEAKDVFLGMFLYEYARRHPDYSVVLLLRLAKAYETTLEKCCAAADPHECYAKVFDEFKPLVEEPQNLIKHNCELFEQLGEYKFQNELLVRYTKKVPQVSTPTLVEVSRNLGKVGSKCCKHPEAQRMPCTEDYLSVVLNRLCVLHEKTPVSDRVTKCCTESLVNRRPCFSALEVDETYVPKEFNAETFTFHADICTLSEKDRQVKKQTALVELVKHKPKATKEQLKTVMEDFAAFVEKCCKADDKETCFAEEGKKLVAASQAALGL
albumin,macaca_fascicularis,MKWVTFISLLFLFSSAYSRGVFRRDTHKSEVAHRFKDLGEEHFKGLVLVAFSQYLQQCPFEEHVKLVNEVTEFAKTCVADESAENCDKSLHTLFGDKLCTVATLRETYGEMADCCAKQEPERNECFLQHKDDNPNLPPLVRPEVDVMCTAFHDNEATFLKKYLYEVARTHPYFYAPELLFFAARYKAAFAECCQAADKAACLLPKLDELRDEGKASSAKQRLKCASLQKFGDRAFKAWAVARLSQKFPKAEFAEVSKLVTDLTKVHTECCHGDLLECADDRADLAKYMCENQDSISSKLKECCDKPLLEKSHCLAEVENDEMPADLPSLAADYVESKDVCKNYAEAKDVFLGMFLYEYARRHPDYSVMLLLRLAKAYEATLEKCCAAADPHECYAKVFDEFQPLVEEPQNLVKQNCELFEQLGEYKFQNALLVRYTKKVPQVSTPTLVEVSRNLGKVGAKCCKLPEAKRMPCAEDYLSVVLNRLCVLHEKTPVSEKVTKCCTESLVNRRPCFSALELDEADVPKAFNAETFTFHADMCTLSEKEKQVKKQTALVELVKHKPKATKEQLKGVMDNFAAFVEKCCKADDKEACFAEEGPKFVAASQAALA
albumin,papio_anubis,MKWVTFISLLFLFSSAYSRGVFRRDTHKSEVAHRFKDLGEEHFKGLVLVAFSQYLQQCPFEEHVKLVNEVTEFAKTCVADESAENCDKSLHTLFGDKLCTVATLRETYGEMADCCAKQEPERNECFLQHKDDNPNLPPLVRPEVDVMCTAFHDNEATFLKKYLYEVARRHPYFYAPELLFFAAKYKAAFVECCQAADKAACLLPKLDELRDQGKASSAKQRLKCASLQKFGDRAFKAWAVARLSQKFPKAEFAEVSKLVTDLTKVHTECCHGDLLECADDRADLAKYMCENQDSISSKLKECCDKPLLEKSHCLAEVENDEMPADLPSLAADYVESKEVCKNYAEAKDVFLGMFLYEYARRHPDYSVMLLLRLAKAYEATLEKCCAAADPHECYAKVFDEFQPLVEEPQNLVKQNCELFEQLGEYKFQNALLVRYTKKVPQVSTPTLVEVSRNLGKVGAKCCKLPEAKRMPCAEDYLSVVLNRLCVLHEKTPVSEKVTKCCTESLVNRRPCFSALELDEAYVPKAFNAETFTFHADMCTLSEKEKQVKKQTALVELVKHKPKATKEQLKGVMDNFAAFVEKCCKADDKEACFAEEGPKFVAASQAALA
albumin,chlorocebus_sabaeus,MKWVTFISLLFLFSSAYSRGVFRRDAHKSEIAHRFKDLGEEHFKGLVLVAFSQYLQQCPFEEHVKLVNEVTEFAKTCVADESAENCDKSLHTLFGDKLCTVATLRETYGEMADCCAKQEPERNECFLQHKDDNPNLPPLVRPEVDVMCTAFHDNEVTFLKKYLYEVARRHPYFYAPELLFFAARYKAAFAECCQAADKAACLLPKLDELRDQGKASSAKQRLKCASLQKFGDRAFKAWAVARLSQKFPKADFAEVSKLVTDLTKVHTECCHGDLLECADDRADLAKYMCENQDSISSKLKECCDKPLLEKSHCLAEVENDEMPADLPSLAADYVESKDVCKNYAEAKDVFLGMFLYEYARRHPDYSVMLLLRLAKAYEATLEKCCAAADPHECYAKVFDEFQPLVEEPQNLVKQNCELFEQLGEYKFQNALLVRYTKKVPQVSTPTLVEVSRNLGKVGAKCCKLAEAKRMPCAEDYLSVVLNRLCVLHEKTPVSEKVTKCCTESLVNRRPCFSALELDEAYVPKAFNAETFTFHADMCTLSEKEKQVKKQTALVELVKHKPKATKEQLKGVMENFAAFVEKCCKADDKEACFAEEGPKFVAASQAALA
collagen,chlorocebus_sabaeus,MHPGLWLLLVTLCLMEELAGAGEKSYGKPCGGQDCSGSCQCFPEKGARGRPGPIGIQGPSGPQGFTGSTGLSGLKGERGSPGLLGPYGPKGDKGPMGVPGFLGINGIPGHPGQPGPRGPPGLDGCNGTQGAVGFPGPDGYPGLLGPPGLPGQKGSKGDPVLAPGSFKGMKGDPGLPGLDGITGPQGAPGSPGTVGPAGPPGLQGPPGPPGPPGPDGNMGLGFQGEKGVKGDVGLPGPAGPPPSTGELEFMGFPKGKKGSKGEPGPKGFPGISGPPGFPGLGTTGEKGEKGIPGLPGPRGPMGSEGVQGPPGQQGKKGTLGFPGLNGFQGIEGEKGDIGLPGPDVFIDIDGAVISGNPGDPGVPGHPGLKGDEGIQGLRGPSGVPGLPALSGVPGALGPQGFPGRKGDQGNPGRTTIGAAGLPGRDGLPGPPGPPGPPSPEFETETLHNKEPGFPGLRGEQGPKGNPGLKGIKGDSGFCACDGGVPNTGPPGEPGPPGPRGLIGLPGLKGARGDRGSGGAQGPAGAPGLVGSPGPSGPKGKKGEPILSTISGMPGDRGDSGSQGFPGVIGKPGNDGVPGLPGLPGLPGDGGQGFPGEKGSPGLPGEKGHPGPPGLPGIGLPGLPGPRGLPGDKGKDGLPGQQGPPGSKGITLPCIIPGSYSPSGFPGTPGFPGPKGSRGLPGTPGQPGSSGNKGKPGSPGLVHLPELPGFPGPRGEKGLPGFPGLPGKDGLPGMIGSPGLPGSKGATGDIFGAENSAPGEQGLQGLTGDKGLLGDSGLPGLKGVHGKPGLLGPKGERGSPGTPGPVGQPGTPGSSGPYGIKGKSGLPGAPGFPGTSGHPGKKGTRGEKGPPGSIVKKGLPGLKGLPGNPGLIGLKGSPGSPGVAGLPALSGPKGEKGSVGFVGFPGIPGLPGIPGTRGLKGIPGSTGKMGPSGHAGTPGEKGDRGNPGPVGIPSPRRPMSNLWLKGDKGSQGSAGSDGFPGPRGDKGEAGQPGPPGLPGAPGRPGTIKGVSGKPGPPGFMGIRGLPGLKGSSGITGFPGMPGESGSQGIRGSSGLPGTSGLPGLKGDNGQTLEISGSPGPKGQPGESGFKGTKGRDGPIGNIGFPGNKGEDGKVGVSGDVGLRGAPGFPGVAGMRGEPGLPGSSGHQGAIGPLGPPGLIGPKGFPGFPGLHGLNGLPGTKGTHGTPGPSITGVPGPAGLPGPKGEKGYPGIGIGAPGKPGLRGQKGDRGFPGLQGPAGLPGAPGISLPSLIAGQPGDPGRPGLDGERGRPGPPGPPGPTGPSSNQGNTGDPGFPGIPGPKGPKGDQGIPGFSGLPGELGLKGMRGEPGFMGTPGKVGPPGDPGFPGMKGKAGPRGSSGPQGAPGQTPTAEAVQVPPGPLGLPGIDGIPGLTGDPGAQGPVGLQGSKGLPGIPGKDGPSGLPGPPGALGDPGLPGLQGPPGFEGAPGQQGPFGLPGMPGQSARVGYTLVKHSQSEQVPLCPIGMSQLWVGYSLLFVEGQEKAHNQDLGFAGSCLPRFSTMPFIYCNINEVCHYARRNDKSYWLSTTAPIPMMPVSQTQIPQYISRCSVCEAPSQAIAVHSQDITIPQCPLGWRSLWIGYSFLMHTAAGAEGGGQSLVSPGSCLEDFRATPFIECSGARGTCHYFANKYSFWLTTVEERQQFGELPVSETLKAGQLHTRVSRCQVCMKSL
collagen,gorilla_gorilla_gorilla,MHPGLWLLLVTLCLTEELAGAGEKFYGKPCGGQDCSGSCQCFPEKGARGRPGPIGIQGPTGPQGFTGSTGLSGLKGERGSPGLLGPYGPKGDKGPMGVPGFLGINGIPGHPGQPGPRGPPGLDGCNGTQGAVGFPGPDGYPGLLGPPGLPGQKGSKGDPVLAPGSFKGMKGDPGLPGLDGITGPQGAPGSPGAVGPAGPPGLQGPPGPPGPLGPDGNMGLGFQGEKGVKGDVGLPGPAGPPPSTGELEFMGFPKGKKGSKGEPGPKGFPGISGPPGFPGLGTTGEKGEKGIPGLPGPRGPMGSEGVQGPPGQQGKKGTLGFPGLNGFQGIEGQKGDIGLPGPDVFIDIDGAVISGNPGDPGVPGLPGLKGDEGIQGVRGPSGVPGLPALSGVPGALGPQGFPGLKGDQGNPGRTTIGAAGLPGRDGLPGPPGPPGPPSPEFETETLHNKEPGFPGLRGEQGPKGNLGLKGIKGDSGFCACDGGVPNTGPPGEPGPPGPRGLIGLPGLKGARGDRGSGGAQGPAGAPGLVGPLGPSGPKGKKGEPILSTIQGMPGDRGDSGSQGFRGVIGEPGKDGVPGLPGLPGLPGDGGQGFPGEKGLPGLPGETGHPGPPGLPGNGLPGLPGPRGLPGDKGKDGLPGQQGLPGSKGITLPCIIPGSYGPSGFPGTPGFPGPKGSRGLPGIPGQPGSSGTKGEPGSPGLVHLPELPGFPGPRGEKGLPGFPGLPGKDGLPGMIGSPGLPGSKGATGDIFGAENGAPGEQGLQGLTGHKGFLGDSGLPGLKGVHGKPGLLGPKGERGSPGTPGQVGQPGTPGSSGPYGIKGKSGLPGAPGFPGTSGHPGKKGTRGKKGPPGSIVKKGLPGLKGLPGNPGLVGLKGSPGSPGVAGLPALSGPKGEKGSVGFVGFPGIPGLPGIPGTRGLKGIPGSTGKMGPSGRAGTPGEKGDRGNPGPVGIPSPRRPMSNLWLKGDKGSQGSAGSNGFPGPRGDKGDAGRPGPPGLPGAPGLPGIIKGVSGNPGPPGFMGIRGLPGLKGSSGITGFPGMPGESGSQGIRGSPGLPGASGLPGLKGDNGQTVEISGSPGPKGQPGESGFKGTKGRDGLIGNIGFPGNKGEDGKVGVSGDVGLPGAPGFPGVAGMKGEPGLPGSSGHQGAIGPLGSPGLIGPKGFPGFPGLHGLNGLPGTKGTHGTPGPSITGVPGPAGLPGPKGEKGYPGIGIGAPGKPGLRGQKGDRGFPGLQGPAGLPGAPGISLPSLIAGQPGDPGRPGLDGERGHPGPPGPPGPPGPSSNQGDTGDPGFPGIPGPKGPKGDQGIPGFSGFPGELGLKGMRGEPGFMGTPGKVGPPGDPGFPGMKGKAGPRGSSGPQGAPGQTPTAEAVQVPPGPLGLPGIDGIPGLTGDPGAQGPVGLQGSKGLPGIPGKDGPSGLPGPPGALGDPGLPGLQGPPGFEGAPGQQGPFGMPGMPGQSMRVGYTLVKHSQSEQVPPCPIGMSQLWVGYSLLFVEGQEKAHNQDLGFAGSCLPRFSTMPFIYCNINEVCHYARRNDKSYWLSTTAPIPMMPVSQTQIPQYISRCSVCEAPSQAIAVHSQDITIPQCPLGWRSLWIGYSFLMHTAAGAEGGGQSLVSPGSCLEDFRATPFIECSGARGTCHYFANKYSFWLTTVEERQQFGELPVSETLKAGQLHTRVSRCQVCMKSL
collagen,homo_sapiens,MHPGLWLLLVTLCLTEELAAAGEKSYGKPCGGQDCSGSCQCFPEKGARGRPGPIGIQGPTGPQGFTGSTGLSGLKGERGFPGLLGPYGPKGDKGPMGVPGFLGINGIPGHPGQPGPRGPPGLDGCNGTQGAVGFPGPDGYPGLLGPPGLPGQKGSKGDPVLAPGSFKGMKGDPGLPGLDGITGPQGAPGFPGAVGPAGPPGLQGPPGPPGPLGPDGNMGLGFQGEKGVKGDVGLPGPAGPPPSTGELEFMGFPKGKKGSKGEPGPKGFPGISGPPGFPGLGTTGEKGEKGEKGIPGLPGPRGPMGSEGVQGPPGQQGKKGTLGFPGLNGFQGIEGQKGDIGLPGPDVFIDIDGAVISGNPGDPGVPGLPGLKGDEGIQGLRGPSGVPGLPALSGVPGALGPQGFPGLKGDQGNPGRTTIGAAGLPGRDGLPGPPGPPGPPSPEFETETLHNKESGFPGLRGEQGPKGNLGLKGIKGDSGFCACDGGVPNTGPPGEPGPPGPWGLIGLPGLKGARGDRGSGGAQGPAGAPGLVGPLGPSGPKGKKGEPILSTIQGMPGDRGDSGSQGFRGVIGEPGKDGVPGLPGLPGLPGDGGQGFPGEKGLPGLPGEKGHPGPPGLPGNGLPGLPGPRGLPGDKGKDGLPGQQGLPGSKGITLPCIIPGSYGPSGFPGTPGFPGPKGSRGLPGTPGQPGSSGSKGEPGSPGLVHLPELPGFPGPRGEKGLPGFPGLPGKDGLPGMIGSPGLPGSKGATGDIFGAENGAPGEQGLQGLTGHKGFLGDSGLPGLKGVHGKPGLLGPKGERGSPGTPGQVGQPGTPGSSGPYGIKGKSGLPGAPGFPGISGHPGKKGTRGKKGPPGSIVKKGLPGLKGLPGNPGLVGLKGSPGSPGVAGLPALSGPKGEKGSVGFVGFPGIPGLPGISGTRGLKGIPGSTGKMGPSGRAGTPGEKGDRGNPGPVGIPSPRRPMSNLWLKGDKGSQGSAGSNGFPGPRGDKGEAGRPGPPGLPGAPGLPGIIKGVSGKPGPPGFMGIRGLPGLKGSSGITGFPGMPGESGSQGIRGSPGLPGASGLPGLKGDNGQTVEISGSPGPKGQPGESGFKGTKGRDGLIGNIGFPGNKGEDGKVGVSGDVGLPGAPGFPGVAGMRGEPGLPGSSGHQGAIGPLGSPGLIGPKGFPGFPGLHGLNGLPGTKGTHGTPGPSITGVPGPAGLPGPKGEKGYPGIGIGAPGKPGLRGQKGDRGFPGLQGPAGLPGAPGISLPSLIAGQPGDPGRPGLDGERGRPGPAGPPGPPGPSSNQGDTGDPGFPGIPGFSGLPGELGLKGMRGEPGFMGTPGKVGPPGDPGFPGMKGKAGARGSSGLQGDPGQTPTAEAVQVPPGPLGLPGIDGIPGLTGDPGAQGPVGLQGSKGLPGIPGKDGPSGLPGPPGALGDPGLPGLQGPPGFEGAPGQQGPFGMPGMPGQSMRVGYTLVKHSQSEQVPPCPIGMSQLWVGYSLLFVEGQEKAHNQDLGFAGSCLPRFSTMPFIYCNINEVCHYARRNDKSYWLSTTAPIPMMPVSQTQIPQYISRCSVCEAPSQAIAVHSQDITIPQCPLGWRSLWIGYSFLMHTAAGAEGGGQSLVSPGSCLEDFRATPFIECSGARGTCHYFANKYSFWLTTVEERQQFGELPVSETLKAGQLHTRVSRCQVCMKSL
collagen,macaca_fascicularis,MHPGLWLLLVTLCLTEELAGAGEKSYGKPCGGQDCSGSCQCFPEKGARGRPGPIGIQGPSGPQGFTGSTGLSGLKGERGSPGLLGPYGPKGDKGPMGVPGFLGINGIPGHPGQPGPRGPPGLDGCNGTQGAVGFPGPDGYPGLLGPPGLPGQKGSKGDPVLAPGSFKGMKGDPGLPGLDGITGPQGAPGSPGAVGPAGPPGLQGPPGPPGPPGPDGNMGLGFQGEKGVKGDVGLPGPAGPPPSTGELEFMGFPKGKKGSKGEPGPKGFPGISGPPGFPGLGTTGEKGEKGIPGLPGPRGPMGSEGVQGPPGQQGKKGTLGFPGLNGFQGIKGEKGDIGLPGPDVFIDIDGAVISGNPGDPGVPGLPGLKGDEGIQGLRGPSGVAGLPALSGVPGALGPQGFPGLKGDQGNPGRTTIGAAGLPGRDGLPGPPGPPGPPGPEFEAETLHNKEPGFPGLRGEQGPKGNPGLKGIKGDSGFCACDGGVPNTGPPGEPGPPGPRGLIGLPGLKGARGDRGSGGAQGPAGAPGLVGSPGPSGPKGKKGEPILSTISGMPGDRGDSGSQGFPGVIGKPGNDGVPGLPGLPGLPGDGGQGFPGEKGLPGLPGEKGHPGPPGLPGIGLPGLPGPRGLPGDKGKDGLPGQQGPPGSKGITLPCIIPGSYGPSGFPGTPGFPGPKGSRGLPGTPGQPGSSGNKGKPGSPGLVHLPELPGFPGPRGEKGLPGFPGLPGKDGLPGTIGSPGLPGSKGATGDIFGAENGAPGEQGLQGLTGDKGLLGDSGLPGLKGVYGKPGLLGPKGERGSPGTPGPVGQPGTPGSSGPYGIKGKSGIPGAPGFPGTSGHPGKKGTRGEKGPPGSIVKKGLPGLKGLPGNPGLIGLKGSPGSPGVAGLPALSGPKGEKGSVGFVGFPGIPGLPGIPGTRGLKGIPGSTGKMGPSGHAGTPGEKGDRGNPGPVGIPGPRRPMSNLWLKGDKGSQGSAGSDGFPGPRGDKGEAGQPGPPGLPGAPGLPGTIKGVSGKPGPPGFMGIRGLPGLKGSSGITGFPGMPGESGSQGIRGSSGLPGTSGLPGLKGDNGQTLEISGSPGPKGQPGESGFKGTKGRDGPIGNIGFPGNKGEDGKVGVSGDVGLHGAPGFPGVAGMRGEPGLPGSSGHQGAIGPLGPPGLIGPKGFPGFPGLHGLNGLPGTKGTHGTPGPSITGVPGPAGLPGPKGEKGYPGIGIGAPGKPGLRGQKGDRGFPGLQGPAGLPGAPGISLPSLIAGQPGDPGRPGLDGERGRPGPPGPPGPTGPSSNQGNTGDPGFPGIPGPKGPKGDQGIPGFSGLPGELGLKGMRGEPGFMGTPGKVGPPGDPGFPGMKGKAGPRGSSGPQGAPGQTPTAEAVQVPPGPLGLPGIDGIPGLTGDPGAQGPVGLQGSKGLPGIPGKDGPSGLPGPPGALGDPGLPGLQGPPGFEGAPGQQGPFGMPGMPGQSARVGYTLVKHSQSEQVPLCPIGMSQLWVGYSLLFVEGQEKAHNQDLGFAGSCLPRFSTMPFIYCNINEVCHYARRNDKSYWLSTTAPIPMMPVSQTQIPQYISRCSVCEAPSQAIAVHSQDITIPQCPLGWRSLWIGYSFLMHTAAGAEGGGQSLVSPGSCLEDFRATPFIECSGARGTCHYFANKYSFWLTTVEERQQFGELPVSETLKAGQLHTRVSRCQVCMKSL
collagen,nomascus_leucogenys,MHPGLWLLLVTLCLTEELAGAGEKSYGKPCGGQDCSGSCQCFPEKGARGRPGPIGIQGPTGPQGFTGSTGLSGLKGERGSPGLLGPYGPKGDKGPMGVPGFLGINGIPGHPGQPGPRGPPGLDGCNGTQGAVGFPGPDGYPGLLGPPGLPGQKGSKGDPVLAPGSFKGMKGDPGLPGLDGITGPQGVPGSPGAVGPAGPPGLQGPPGPPGPPGPDGNMGLGFQGEKGVKGDVGLPGPAGPPPSTGELEFMGFPKGKKGFKGEPGPKGFPGISGPPGFPGLGTTGEKGEKGIPGLPGPRGPMGSEGVHGPPGQQGKKGTLGFPGLNGFQGIEGQKGDIGLPGPDVFIDIDGAVISGNPGDPGVPGLPGLKGDEGIQGLRGPSGVPGLPALSGVPGALGPQGFPGLKGDQGNPGRTTIGAAGLPGRDGLPGPPGPPGPPSPEFETETLHNKEPGFPGLRGEQGPKGNPGLKGIKGDSGFCACDGGVPNTGPPGEPGPPGPRGLIGLPGLKGARGDRGSGGAQGPAGAPGLVGPLGPSGPKGKKGEPILSTIQGIPGDRGDSGSQGFRGVTGEPGKDGVPGLPGLPGLPGDGGQGFPGEKGLPGLPGEKGHPGPPGLPGIGLPGLPGPRGLPGDKGKDGLPGQQGLSGPKGITLPCIIPGSYGPSGFPGTPGFPGPKGSRGLPGTPGQPGSSGNKGEPGSPGLVHLPELPGFPGPRGEKGLPGFPGLPGKDGLPGMIGSPGLPGSKGATGDIFGAENGAPGEQGLQGLTGDKGFLGDSGLPGLKGVHGKPGLLGPKGERGSPGTPGQVGQPGTPGSSGPYGIKGKSGLPGAPGFPGISGHPGKKGTRGKKGPPGSIVKKGLPGLKGLPGNPGLVGLKGSPGSPGVAGLPAPSGPKGEKGSVGFVGFPGIPGLPGIPGTRGLKGIPGSTGKMGPSGRAGTPGEKGDRGNPGPVGIPSPRSPLSNLWLRGDKGSQGSAGSNGFPGPRGDKGEAGRPGPPGLPGPPGLPGITKGVSGKPGPPGFMGIRGLPGLKGSSGITGFPGMPGESGSQGIRGSPGLPGASGLPGLKGDNGQTAEISGSPGPKGQPGESGFKGTKGKDGLIGNIGFPGNKGEDGKVGVSGDVGLPGAPGFPGVAGMRGEPGLPGSSGHQGAIGPLGSPGLIGPKGFPGFPGLHGLNGLPGTKGTHGTPGPSITGVPGPAGLPGPKGEKGYPGIGIGAPGKPGLRGQKGDQGFPGLQGPAGLPGAPGISLPSLIAGQPGDPGRPGLDGERGRPGPPGPPGPPGPSSNQGDTGDPGFPGIPGPKGPKGDQGIPGFSGLPGKLGLKGVRGEPGFMGTPGKVGPPGDPGFPGMKGKAGPRGSSGPQGAPGQTPTAEAVQVPPGPLGLPGIDGIPGLTGDPGAQGPVGLQGSKGLPGIPGKDGPSGLPGPPGAFGDPGLPGLQGPPGFEGAPGQQGPFGMPGMPGQSVRVGYTLVKHSQSEQVPLCPIGMSQLWVGYSLLFVEGQEKAHNQDLGFAGSCLPRFSTMPFIYCNINEVCHYARRNDKSYWLSTTAPIPMMPVSQTQIPQYISRCSVCEAPSQAIAVHSQDITIPQCPLGWRSLWIGYSFLMHTAAGAEGGGQSLVSPGSCLEDFRATPFIECSGARGTCHYFANKYSFWLTTVEERQQFGELPVSETLKAGQLHSRVSRCQVCMKSL
collagen,pan_paniscus,MHPGLWLLLVTLCLTEELAGAGEKSYGKPCGGQDCSGSCQCFPEKGARGRPGPIGIQGPTGPQGFTGSTGLSGLKGERGFPGLLGPYGPKGDKGPMGVPGFLGINGIPGHPGQPGPRGPPGLDGCNGTQGAVGFPGPDGYPGLLGPPGLPGQKGSKGDPVLAPGSFKGMKGDPGLPGLDGITGQQGAPGFPGAVGPAGPPGLQGPPGPPGPLGPDGNMGLGFQGEKGVKGDVGLPGPAGPPPSTGELEFMGFPKGKKGSKGEPGPKGFPGISGPPGFPGLGTTGEKGEKGIPGLPGPRGPMGSEGVQGPPGQQGKKGTLGFPGLNGFQGIEGQKGDIGLPGPDVFIDIDGAVISGNPGDPGVPGLPGLKGDEGIQGLRGPSGVPGLPALSGVPGALGPQGFPGLKGDQGNPGRTTIGAVGLPGRDGLPGPPGPPGPPSPEFETETLHNKEPGFPGLRGEQGPKGNLGLKGIKGDSGFCACDGGVPNTGPPGEPGPPGPWGLIGLPGLKGARGDRGSGGAQGPAGAPGLVGPLGPSGPKGKKGEPILSTIQGMPGDRGDSGSQGFRGVIGEPGKDGVPGLPGLPGLPGDGGQGFPGEKGLPGLPGEKGHLGPPGLPGNGLPGLPGPRGLPGDKGKDGLPGQQGLPGSKGITLPCIIPGSYGPSGFPGTPGFPGPKGSRGLPGTPGQPGSSGTKGEPGSPGLVHLPELPGFPGPRGEKGLPGFPGLPGKDGLPGMIGSPGLPGSKGATGDIFGAENGAPGEQGLQGLTGHKGFLGDSGLPGLKGVHGKPGLLGPKGERGSPGTPGQVGQPGTPGSSGPYGIKGKSGLPGAPGFPGISGHPGKKGTRGKKGPPGSIVKKGLPGLKGLPGNPGLVGLKGSPGSPGVAGLPALSGPKGEKGSVGFVGFPGIPGLPGIPGTRGLKGIPGSTGKMGPSARAGTPGEKGDRGNPGPVGIPSPRRPMSNLWLKGDKGSQGSAGSNGFPGPRGDKGEAGRPGPPGLPGAPGLPGIIKGVSGKPGPPGFMGIRGLPGLKGSSGITGFPGMPGESGSQGIRGSPGLPGASGLPGLKGDNGQTVEISSSPGPKGQPGESGFKGTKGRDGLIGNIGFPGNKGEDGKVGVSGDVGLPGAPGFPGVAGMRGEPGLPGSSGHQGAIGPLGSPGLIGPKGFPGFPGLHGLNGLPGTKGTHGTPGPSITGVPGPAGLPGPKGEKGYPGIGIGAPGKPGLRGQKGDRGFPGLQGPAGLPGAPGISLPSLIAGQPGDPGRPGLDGERGRPGPAGPPGPPGPSSNQGDTGDPGFPGIPGPKGPKGDQGIPGFSGLPGELGLKGMRGEPGFMGTPGKVGPPGDPGFPGMKGKAGPRGSSGPRGAPGQTPTAEAVQVPPGPLGLPGIDGIPGLTGDPGAQGPVGLQGSKGLPGIPGKDGPSGLPGPPGALGDPGLPGLQGPPGFEGAPGQQGPFGMPGMPGQSMRVGYTLVKHSQSEQVPPCPIGMSQLWVGYSLLFVEGQEKAHNQDLGFAGSCLPRFSTMPFIYCNINEVCHYARRNDKSYWLSTTAPIPMMPVSQTQIPQYISRCSVCEAPSQAIAVHSQDITIPQCPLGWRSLWIGYSFLMHTAAGAEGGGQSLVSPGSCLEDFRATPFIECSGARGTCHYFANKYSFWLTTVEERQQFGELPVSETLKAGQLHTRVSRCQVCMKSL
collagen,papio_anubis,MHPGLWLLLVTLCLTEELAGAGEKSYGKPCGGQDCSGSCQCFPEKGARGRPGPIGIQGPSGPQGFTGSTGLSGLKGERGSPGLLGPYGPKGDKGPMGVPGFLGINGIPGHPGQPGPRGPPGLDGCNGTQGAVGFPGPDGYPGLLGPPGLPGQKGSKGDPVLAPGSFKGMKGDPGLPGLDGITGPQGAPGSPGAVGPVGPPGLQGPPGPPGPPGPDGNMGLGFQGEKGVKGDVGLPGPAGPPPSTGELEFMGFPKGKKGSKGEPGPKGFPGISGPPGFPGLGTTGEKGEKGIPGLPGPRGPMGSEGVQGPPGQQGKKGTLGFPGLNGFQGIEGEKGDIGLPGPDVFIDIDGAVISGNPGDPGVPGLPGLKGDEGIQGLHGPSGVPGLPALSGVLGALGPQGFPGLKGDQGNPGRTTIGAAGLPGRDGLPGPPGPPGPPGPEFEAETLHNKEPGFPGLRGEQGPKGNPGLKGIKGDSGFCACDGGVPNTGPPGEPGPPGPRGLIGLPGLKGARGDRGSGGAQGPAGAPGLVGSPGPSGPKGKKGEPILSTISGMPGDRGDSGSQGFPGVIGKPGNDGVPGLPGLPGLPGDGGQGFPGEKGLPGLPGEKGHPGPPGLPGIGLPGLPGPRGLPGDKGKDGLPGQQGPPGSKGITLPCIIPGSYGPSGFPGTPGFPGPKGSRGLPGTPGQPGSSGNKGKPGSPGLVHLPELPGFPGPRGEKGLPGFPGLPGKDGLPGTIGSPGLPGSKGATGDIFGAENGAPGEQGLQGLTGDKGLLGDSGLPGLKGVYGKPGLLGPKGERGSPGTPGPVGQPGTPGSSGPYGIKGKSGLPGAPGFPGTSGHPGKKGTRGEKGPPGSIVKKGLPGLKGLPGNPGLIGLKGSLGSPGVAGLPALSGPKGEKGSVGFVGFPGIPGLPGIPGTRGLKGIPGSTGKMGPSGHAGTPGEKGDRGNPGPVGIPGPRRPMSNLWLKGDKGSQGSAGSDGFPGPRGDKGEAGQPGPPGLPGAPGLPGTIKGVSGKPGPPGFMGIRGLPGLKGSSGITGFPGMPGESGSQGIRGSSGLPGTSGLPGLKGDNGQTLEISGSPGPKGQPGESGFKGTKGRDGPIGNIGFPGNKGEDGKVGVSGDVGLHGAPGFPGVAGMRGEPGLPGSSGHQGAIGPLGPPGLIGPKGFPGFPGLHGLNGLPGTKGTHGTPGPSITGVPGPAGLPGPKGEKGYPGIGIGAPGKPGLRGQKGDRGFPGLQGPAGLPGAPGISLPSLIAGQPGDPGRPGLDGERGRPGPPGPPGPTGPSSNQGNTGDPGFPGIPGPKGPKGDQGIPGFSGLPGELGLKGMRGEPGFMGTPGKVGPPGDPGFPGMKGKAGPRGSSGPQGAPGQTPTAEAVQVPPGPLGLPGIDGIPGLTGDPGAQGPVGLQGSKGLPGIPGKDGPSGLPGPPGALGDPGLPGLQGPPGFEGAPGQQGPFGMPGMPGQSARVGYTLVKHSQSEQVPLCPIGMSQLWVGYSLLFVEGQEKAHNQDLGFAGSCLPRFSTMPFIYCNINEVCHYARRNDKSYWLSTTAPIPMMPVSQTQIPQYISRCSVCEAPSQAIAVHSQDITIPQCPLGWRSLWIGYSFLMHTAAGAEGGGQSLVSPGSCLEDFRATPFIECSGARGTCHYFANKYSFWLTTVEERQQFGELPVSETLKAGQLHTRVSRCQVCMKSL
cytochrome,homo_sapiens,GDVEKGKKIFIMKCSQCHTVEKGGKHKTGPNLHGLFGRKTGQAPGYSXTAANKNKGIIWGEDTLMEYLENPKKYIPGTKMIFVGIKKKEERADLIAYLKKATNE
cytochrome,chlorocebus_sabaeus,MGNVEKGKKIFTMKCSQCHTVEKGGKHKTGPNLHGLFGRKTVQAPGYSYTAANKNKGITWGEDTLMEYLENPKKCIPGTKMIFVGIKKKEERADLIAYLKKATNE
cytochrome,pan_paniscus,MGDVEKGKKIFIMKCSQCHTVEKGGKHKTGPNLHGLFGRKTGQAAGYSYTVANKNKGITWGEDTLMEYLENPKKHIPETKMIFVGIKKKEERADLIAFLKKATNE
cytochrome,macaca_fascicularis,MGDVEKGKKIFIMKCSQCHTIEKGSKHKIGPNLHGLFGRKTGQAPGCSYTAANKNKGITWGEDTLMEYLENPKKYIPGTKMIFVGIKKKEERADLIAYLKKTTND
cytochrome,gorilla_gorilla_gorilla,MGDVEKGKKIFIMKCSQCHTVEKGGKHKTGPNLHGLFGRKTGQATGYSYTAASENKGITWGEDTLMEYLENPKKHIPETKMIFVGIKKKEERADLIAFLKKATNE
cytochrome,papio_anubis,MGNVEKGKKIFTMKCSQCHTIEKGGKHKTGPNLHGLFGRKTVQAPGYSYTAANKNKGITWGEDTLMEYLENPKKCLPGTKMIFVGIKKKEERADLIAYLKKATNE
cytochrome,nomascus_leucogenys,MGDVEKGKKIFIMKCSQCHTIEKGGKHKTGPNLHSLFRRKTGQAAGYSHTATNKNKGITWGEDTLMEYLENPKKHIPGTKMIFVGIKKKEERADLIAFLKKATNE
ferritin,nomascus_leucogenys,MTTASTSQVRQNYHQDSEAAINRQINLELYASYVYLSMSYYFDRDDVALKNFAKYFLHQSHEEREHAERLMKLQNQRGGRIFLQDIKKPDCDDWESGLNAMECALHLEKNVNQSLLELHKLATDKNDPHLCDFIETHYLNEQVKAIKELGDHVTNLRKMGAPESGLAEYLFDKHTLGDSDNES
ferritin,papio_anubis,MTTASTSQVRQNYHQDSEAAINRQINLELYASYVYLSMSYYFDRDDVALKNFAKYFLHQSHEEREHAEKLMKLQNQRGGRIFLQDIKKPDYDDWESGLNAMECALHLEKNVNQSLLELHKLATDKNDPHLCDFIETHYLNEQVKAIKELGDHVTNLRKMGAPESGLAEYLFDKHTLGDSDNES
ferritin,chlorocebus_sabaeus,MTTASTSQVRQNYHQDSEAAINRQINLELYASYVYLSMSYYFDRDDVALKNFAKYFLHQSHEEREHAEKLMKLQNQPGGRIFLQDIKKPDYDDWESGLNAMECALHLEKNVNQSLLELHKLATDKNDPHLCDFIETHYLNEQVKAIKELGDHVTNLRKMGAPECGLAEYLFDKHTLGDSDNES
ferritin,pan_paniscus,MTTASTSQVRQNYHQDSEAAINRQINLELYASYVYLSMSYYFDRDDVALKNFAKYFLHQSHEEREHAEKLMELQNQLGGRIFLQDIKKPDCDDWESRLNAMECALHLEKNVNQSLLELHKLATDKNDPHLCDFIETHYLNEQVKAIKELGDQVTNLRKMGAPESGLAEYLFDKHTLGDSDNES
ferritin,macaca_fascicularis,MTTAPTSQVCQNYHQDSEAAINRQINLELYASYVYLSMSYYFDRDDVALKNFAKYFLHQSHEEREHAEKLMKLQNQRGGRILLQDIKKPDYDDWESGLNAMECALHLEKNVNQSLLELHKLATDKNDPHLCDFIETHYLNEQVKAIKELGDHVTNLRKMGAPESGLAEYLFDKHTLGDSDNES
ferritin,gorilla_gorilla_gorilla,MTTASTSQVHQNYHQDSEAAINRQINLEHYASYVYLSLSYYFDRNDVALKNFAKYFLHQSHEERGHAEKLMKLQNQRGGRIFLQDIKKPDCDDWESGLNAMECALHLEKNVNQSLLELHKLATDKNDPHLCDFIETHYLNEQLKAIKELGDHVTNLRKMGAPESGLAEYLFDKHTLGDSDNES
ferritin,homo_sapiens,MHHHHHHMTTASTSQVRQNYHQDSEAAINRQINLELYASYVYLSMSYYFDRDDVALKNFAKYFLHQSHEEREHAEKLMKLQNQRGGRIFLQDIKEPDCDDWESGQNAMECALHLEKNVNQSLLELHKLATDKNDPHLCDFIETHYLNEQVKAIKELGDHVTNLRKMGAPGPLGLAGESGLAEYLFDKHTLGDSDNE
insulin,chlorocebus_sabaeus,MGSETIKPVGAQQPSTLRDGCIRRGQQAGLFQGPSRQVGSGLPHLGVPGWLDPRPQLCNREDMAGLLKRLRVNPGAPGQGTWPSAGLRPACLPGHCPSAMALWMRLLPLLALLALWGPDPVPAFVNQHLCGSHLVEALYLVCGERGFFYTPKTRREAEDPQVGQVELGGGPGAGSLQPLALEGSLQKRGIVEQCCTSICSLYQLENYCN
insulin,gorilla_gorilla_gorilla,MGSETIKPVGTQQPSALQDRLHQKRPSSRSVPRAFASDHCPSAMALWMRLLPLLALLALWGPDPAAAFVNQHLCGSHLVEALYLVCGERGFFYTPKTRREAEDLQVGQVELGGGPGAGSLQPLALEGSLQKRGIVEQCCTSICSLYQLENYCN
insulin,homo_sapiens,MALWMRLLPLLALLALWGPDPAAAFVNQHLCGSHLVEALYLVCGERGFFYTPKTRREAEVGQVELGGGPGAGSLQPLALEGSLQKRGIVEQCCTSICSLYQLENYCN
insulin,macaca_fascicularis,MAGLLKRLGVSPGAPGQGTWPSAGLRPACLPGHCPSAMALWMRLLPLLALLALWGPDPAPAFVNQHLCGSHLVEALYLVCGERGFFYTPKTRREAEDPQVGQVELGGGPGAGSLQPLALEGSLQKRGIVEQCCTSICSLYQLENYCN
insulin,nomascus_leucogenys,MALWMRLLPLLALLALWGPDPAPAFVNQHLCGSHLVEALYLVCGERGFFYTPKTRREAEDPQVGQVELGGGPGAGSLQPLALEGSLQKRGIVEQCCTSICSLYQLENYCN
insulin,pan_paniscus,MGSETIKPAGTQQPSALQDRLHQKRPSSRSVPRAFASGGLRVPGWLDPRPQLCSREDVAGLLKHVGVSPGAPRQGTWPSAGLSPACLPDHCPSAMALWMRLLPLLALLALWGPDPASAFVNQHLCGSHLVEALYLVCGERGFFYTPKTRREAEDLQVGQVELGGGPGAGSLQPLALEGSLQKRGIVEQCCTSICSLYQLENYCN
insulin,papio_anubis,MALWMRLLPLLALLALWGPDPVPAFVNQHLCGSHLVEALYLVCGERGFFYTPKTRREAEDPQVGQVELGGGPGAGSLQPLALEGSLQKRGIVEQCCTSICSLYQLENYCN
keratin,homo_sapiens,MTCGFNSIGCGFRPGNFSCVSACGPRPSRCCITAAPYRGISCYRGLTGGFGSHSVCGGFRAGSCGRSFGYRSGGVCGPSPPCITTVSVNESLLTPLNLEIDPNAQCVKQEEKEQIKSLNSRFAAFIDKVRFLEQQNKLLETKLQFYQNRECCQSNLEPLFAGYIETLRREAECVEADSGRLASELNHVQEVLEGYKKKYEEEVALRATAENEFVALKKDVDCAYLRKSDLEANVEALIQEIDFLRRLYEEEIRILQSHISDTSVVVKLDNSRDLNMDCIVAEIKAQYDDIATRSRAEAESWYRSKCEEMKATVIRHGETLRRTKEEINELNRMIQRLTAEVENAKCQNSKLEAAVAQSEQQGEAALSDARCKLAELEGALQKAKQDMACLIREYQEVMNSKLGLDIEIATYRRLLEGEEQRLCEGVEAVNVCVSSSRGGVVCGDLCVSGSRPVTGSVCSAPCNGNLVVSTGLCKPCGQLNTTCGGGSCGQGRH
keratin,pan_paniscus,MTCGFNSIGCGFRPGNFSCVSACGPRPSRCCITAAPYRGISCYRGLTGGFGSHSVCGGFRAGSCGRSFGYRSGGVCGPSPPCITTVSVNESLLTPLNLEIDPNAQCVKQEEKEQIKSLNSRFAAFIDKVRFLEQQNKLLETKLQFYQNRECCQSNLEPLFAGYIETLRREAECVEADSGRLASELNHVQEVLEGYKKKYEEEVALRATAENEFVALKKDVDCAYLRKSDLEANVEALIQEIDFLRRLYEEEIRILQSHISDTSVVVKLDNSRDLNMDCIVAEIKAQYDDIATRSRAEAESWYRSKCEEMKATVIRHGETLRRTKEEINELNRMIQRLTAEVENAKCQNSKLEAAVAQSEQQGEAALSDARCKLAELEGALQKAKQDMACLIREYQEVMNSKLGLDIEIATYRRLLEGEEQRLCEGVEAVNVCVSSSRGGVVCGDLCVSGSRPVTGSVCSAPCNGNLVVSTGLCKPCGQLNTTCGGGSCGQGRY
keratin,nomascus_leucogenys,MTCGFSSMGCGFRPGNFSCVSACGPRPGRCCITAAPYRGISCYRGLTGGFGSHSVCGGFRAGSCGRSFGYRSGGVCGPSPPCITTVSVNESLLTPLNLEIDPNAQCVKQEEKEQIKSLNSRFAAFIDKVRFLEQQNKLLETKLQFYQNRECCQSNLEPLFEGYVETLRREAECVEADSGRLASELNHVQEVLEGYKKKYEEEVALRATAENEFVALKKDVDCAYLRKSDLEANVEALIQEIDFLRRLYEEEIRILQSHISDTSVVVKLDNSRDLNMDCIVAEIKAQYDDIATRSRAEAESWYRSKCEEMKATVIRHGETLRRTKEEINELNRMIQRLTAEVENAKCQNSKLEAAVAQSEQQGEAALSDARCKLAELEGALQKAKQDMACLIREYQEVMNSKLGLDIEIATYRRLLEGEEQRLCEGVEAVNVCVSSSRGGVVCGDLCVSGSRPVTGSVCSAPCNGNLVVSTGLCKPCGQLNTTCGGGSCSQGRC
keratin,gorilla_gorilla_gorilla,MTCGFNSIGCGFRPGNFSCVSACGPRPSRCCITAAPYRGISCYRGLTGGFGSHSVCGGFRAGSCGRSFGYRSGGVCGPSPPCITTVSVNESLLTPLNLEIDPNAQCVKQEEKEQIKSLNSRFAAFIDKVRFLEQQNKLLETKLQFYQNRECCQSNLEPLFAGYIETLRREAECVEADSGRLASELNHVQEVLEGYKKKYEEEVALRATAENEFVALKKDVDCAYLRKSDLEANVEALIQEIDFLRRLYEEEIRILQSHISDTSVVVKLDNSRDLNMDCIVAEIKAQYDDIATRSRAEAESWYRSKCEEMKATVIRHGETLRRTKEEINELNRMIQRLTAEVENAKCQNSKLEAAVAQSEQQGEAALSDARCKLAELEGALQKAKQDMACLIREYQEVMNSKLGLDIEIATYRRLLEGEEQRLCEGVEAVNVCVSSSRGGVVCGDLCVSGSRPVTGSVCSAPCNGNLVVSTGLCKPCGQLNTTCGGGSCSQGRY
keratin,macaca_fascicularis,MTCGFISMGCGFRPGNFSCVSACGPRPGRCCITAAPYRGISCYRGLSGGFGSHSVCGGFRAGSCGRSFGYRSGGVCGPSPPCITTVSVNESLLTPLNLEIDPNAQCVKQEEKEQIKCLNSRFAAFIDKVRFLEQQNKLLETKLQFFQNRECCQSNLEPLFEGYIETLRREAECVEADSGRLASELNHVQEVLEGYKKKYEEEVTLRATAENEFVALKKDVDCAYLRKSDLEANVEALIQEIDFLRRLYEEEIRILQSHISDTSVVVKLDNSRDLNMDCIVAEIKAQYDDIVTRSRAEAESWYRSKCEEMKATVIRHGETLRRTKEEINELNRMIQRLTAEVENAKCQNSKLEAAVAQSEQQGEAALSDARCKLAELEGALQKAKQDMACLIREYQEVMNSKLGLDIEIATYRRLLEGEEQRLCEGVEAVNVCVSSSRGGVVCGDLCVSGSRPVTGSVCSAPCNGNLVVSTGLCKPCGQLNTTCGGGSCSQGRC
keratin,chlorocebus_sabaeus,MTCGFISMGCGFRPGNFSCVSACGPRPGRCCITAAPYRGISCYRGLSGGFGSHSVCGGFRAGSCGRSFGYRSGGVCGPSPPCITTVSVNESLLTPLNLEIDPNAQCVKQEEKEQIKCLNSRFAAFIDKVRFLEQQNKLLETKLQFFQNRECCQSNLEPLFEGYIETLRREAECVEADSGRLASELNHVQEVLEGYKKKYEEEVALRATAENEFVALKKDVDCAYLRKSDLEANVEALIQEIDFLRRLYEEEIRILQSHISDTSVVVKLDNSRDLNMDCIVAEIKAQYDDIATRSRAEAESWYRSKCEEMKATVIRHGETLRRTKEEINELNRMIQRLTAEVENAKCQNSKLEAAVAQSEQQGEAALSDARCKLAELEGALQKAKQDMACLIREYQEVMNSKLGLDIEIATYRRLLEGEEQRLCEGVEAVNVCVSSSRGGVVCGDLCVSGSRPVTGSVCSAPCNGNLVVSTGLCKPCGQLNTTCGGGSCGQGRC
keratin,papio_anubis,MTCGFISMGCGFRPGNFSCVSACGPRPGRCCITAAPYRGISCYRGLSGGFGSHSVCGGFRAGSCGRSFGYRSGGVCGPSPPCITTVSVNESLLTPLNLEIDSNAQCVKQEEKEQIKCLNSRFAAFIDKVRFLEQQNKLLETKLQFFQNRECCQSNLEPLFEGYIETLRREAECVEADSGRLASELNHVQEVLEGYKKKYEEEVALRATAENEFVALKKDVDCAYLRKSDLEANVEALIQEIDFLRRLYEEEIRILQSHISDTSVVVKLDNSRDLNMDCIVAEIKAQYDDIATRSRAEAESWYRSKCEEMKATVIRHGETLRRTKEEINELNRMIQRLTAEVENAKCQNSKLEAAVAQSEQQGEAALSDARCKLAELEGALQKAKQDMACLIREYQEVMNSKLGLDIEIATYRRLLEGEEQRLCEGVEAVNVCVSSSRGGVVCGDLCVSGSRPVTGSVCSAPCNGNLVVSTGLCKPCGQLNTTCGGGSCRQGRC
myosin,homo_sapiens,MSASSDAEMAVFGEAAPYLRKSEKERIEAQNKPFDAKTSVFVAEPKESYVKSTIQSKEGGKVTVKTEGGATLTVREDQVFPMNPPKYDKIEDMAMMTHLHEPGVLYNLKERYAAWMIYTYSGLFCVTVNPYKWLPVYKPEVVAAYRGKKRQEAPPHIFSISDNAYQFMLTDRENQSILITGESGAGKTVNTKRVIQYFATIAVTGEKKKDESGKMQGTLEDQIISANPLLEAFGNAKTVRNDNSSRFGKFIRIHFGTTGKLASADIETYLLEKSRVTFQLKAERSYHIFYQITSNKKPDLIEMLLITTNPYDYAFVSQGEITVPSIDDQEELMATDSAIDILGFTPEEKVSIYKLTGAVMHYGNMKFKQKQREEQAEPDGTEVADKAAYLQSLNSADLLKALCYPRVKVGNEYVTKGQTVQQVYNAVGALAKAVYEKMFLWMVTRINQQLDTKQPRQYFIGVLDIAGFEIFDFNSLEQLCINFTNEKLQQFFNHHMFVLEQEEYKKEGIEWTFIDFGMDLAACIELIEKPLGIFSILEEECMFPKATDTSFKNKLYDQHLGKSANFQKPKVVKGKAEAHFSLIHYAGTVDYNITGWLDKNKDPLNDTVVGLYQKSAMKTLASLFSTYASAEADSSAKKGAKKKGSSFQTVSALFRENLNKLMTNLRSTHPHFVRCIIPNETKTPGAMEHELVLHQLRCNGVLEGIRICRKGFPSRILYGDFKQRYKVLNASAIPEGQFIDSKKASEKLLASIDIDHTQYKFGHTKVFFKAGLLGLLEEMRDEKLAQIITRTQAVCRGFLMRVEYQKMLQRREALFCIQYNVRAFMNVKHWPWMKLFFKIKPLLKSAETEKEMATMKEEFQKTKDELAKSEAKRKELEEKMVTLLKEKNDLQLQVQSEADSLADAEERCEQLIKNKIQLEAKIKEVTERAEEEEEINAELTAKKRKLEDECSELKKDIDDLELTLAKVEKQKHATENKVKNLTEEMAGLDETIAKLSKEKKALQETHQQTLDDLQAEEDKVNILTKAKTKLEQQVDDLEGSLEQEKKLRMDLERAKRKLEGDLKLAQESTMDMENDKQQLDEKLEKKEFEISNLISKIEDEQAVEIQLQKKIKELQARIEELGEEIEAERASRAKAEKQRSDLSRELEEISERLEEAGGATSAQVELNKKREAEFQKLRRDLEEATLQHEAMVAALRKKHADSMAELGEQIDNLQRVKQKLEKEKSELKMETDDLSSNAEAISKAKGHLEKMCRSLEDQVSGLKTKEEEQQRLINDLTAQRARLQTEAGEYSRQLDEQDALVSQLSRSKQASTQQIEELKHQLEEETKAKNALAHALQSSRHDCDLLREQYEEEQEGKAELQRALSKANSEVAQWRTKYETDAIQRTEELEEAKKKLAQRLQEAEEHVEAVNAKCASLEKTKQRLQNEVEDLMLDVERSNAACAALDKKQRNFDKVLSEWKQKYEETQAELEASQKESRSLSTELFKVKNVYEESLDQLETLRRAHKNLQQEISDLTEQIAEGGKQIHELEKIKKQVEQEKCEIQAALEEAEASLEHEEGKILRIQLELNQVKSEVDRKIAEKDEEIDQLKRNHTRVVETMQSTLDAEIRSRNDALRVKKKMEGDLNEMEIQLNHANRLAAESLRNYRNTQGILKETQLHLDDALRGQEDLKEQLAIVERRANLLQAEIEELWATLEQTERSRKIAEQELLDASERVQLLHTQNTSLINTKKKLENDVSQLQSEVEEVIQESRNAEEKAKKAITDAAMMAEELKKEQDTSAHLERMKKNLEQTVKDLQHRLDEAEQLALKGGKKQIQKLEARVRELEGEVENEQKRNAEAVKGLRKHDRRVKELTYQTEEDRKNVLRLQDLVDKLQAKVKSYKRQAEEAEEQSNANLSKFRKLQHELEEAEERADIAESQVNKLRVKSREVHTKISAE
myosin,gorilla_gorilla_gorilla,MSASSDAEMAVFGEAAPYLRKSEKERIEAQNKPFDAKTSVFVAEPKESYVKSTIQSKEGGKVTVKTEGGATLTVREDQVFPMNPPKYDKIEDMAMMTHLHEPGVLYNLKERYAAWMIYTYSGLFCVTVNPYKWLPVYKPEVVAAYRGKKRQEAPPHIFSISDNAYQFMLTDRENQSILITGESGAGKTVNTKRVIQYFATIAVTGEKKKDESGKMQGTLEDQIISANPLLEAFGNAKTVRNDNSSRFGKFIRIHFGTTGKLASADIETYLLEKSRVTFQLKAERSYHIFYQITSNKKPDLIEMLLITTNPYDYAFVSQGEITVPSIDDQEELMATDSAIDILGFTPEEKVSIYKLTGAVMHYGNMKFKQKQREEQAEPDGTEVADKAAYLQSLNSADLLKALCYPRVKVGNEYVTKGQTVQQVYNAVGALAKAVYEKMFLWMVTRINQQLDTKQPRQYFIGVLDIAGFEIFDFNSLEQLCINFTNEKLQQFFNHHMFVLEQEEYKKEGIEWTFIDFGMDLAACIELIEKPLGIFSILEEECMFPKATDTSFKNKLYDQHLGKSANFQKPKVVKGKAEAHFSLIHYAGTVDYNITGWLDKNKDPLNDTVVGLYQKSAMKTLASLFSTYASAEAGTFYSGAKKSAKKKGSSFQTVSALFRENLNKLMTNLRSTHPHFVRCIIPNETKTPGAMEHELVLHQLRCNGVLEGIRICRKGFPSRILYGDFKQRYKVLNASAIPEGQFIDSKKASEKLLASIDIDHTQYKFGHTKVFFKAGLLGLLEEMRDEKLAQIITRTQAVCRGFLMRVEYQKMLQRREALFCIQYNVRAFMNVKHWPWMKLFFKIKPLLKSAETEKEMATMKEEFQKTKDELAKSEAKRKELEEKMVTLLKEKNDLQLQVQSEADSLADAEERCEQLIKNKIQLEAKIKEVTERAEEEEEINAELTAKKRKLEDECSELKKDIDDLELTLAKVEKEKHATENKVKNLTEEMAGLDETIAKLSKEKKALQETHQRTLDDLQAEEDKVNILTKAKTKLEQQVDDLEGSLEQEKKLRMDLERAKRKLEGDLKLAQESTMDMENDKQQLDEKLEKKEFEISNLISKIEDEQAVEIQLQKKIKELQARIEELGEEIEAERASRAKAEKQRSDLSRELEEISERLEEAGGATSAQVELNKKREAEFQKLRRDLEEATLQHEAMVAALRKKHADSMAELGEQIDNLQRVKQKLEKEKSELKMETDDLSSNAEAISKAKGNLEKMCRSLEDQVSELKTKEEEQQRLINDLTAQRARLQTEAGEYSRQLDEKDALVSQLSRSKQASTQQIEELKHQLEEETKAKNALAHALQSSRHDCDLLREQYEEEQEGKAELQRALSKANSEVAQWRTKYETDAIQRTEELEEAKKKLAQRLQEAEEHVEAVNAKCASLEKTKQRLQNEVEDLMLDVERSNAACAALDKKQRNFDKVLSEWKQKYEETQAELEASQKESRSLSTELFKVKNVYEESLDQLETLRRENKNLQQEISDLTEQIAEGGKQIHELEKIKKQVEQEKCEIQAALEEAEASLEHEEGKILRIQLELNQVKSEVDRKIAEKDEEIDQLKRNHTRVVETMQSTLDAEIRSRNDALRVKKKMEGDLNEMEIQLNHANRLAAESLRNYRNTQGILKETQLHLDDALRGQEDLKEQLAIVERRANLLQAEIEELRATLEQTERSRKIAEQELLDASERVQLLHTQNTSLINTKKKLENDVSQLQSEVEEVIQESRNAEEKAKKAITDAAMMAEELKKEQDTSAHLERMKKNLEQTVKDLQHRLDEAEQLALKGGKKQIQKLEARVRELEGEVENEQKRNAEAVKGLRKHERRVKELTYQTEEDRKNVLRLQDLVDKLQAKVKSYKRQAEEAEEQSNANLSKFRKLQHELEEAEERADIAESQVNKLRVKSREVHTKISAE
myosin,pan_paniscus,MSASLDAEMAVFGEAAPYLRKSEKERIEAQNKPFDAKTSVFVAEPKESYVKSTIQSKEGGKVTVKTEGGATLTVREDQVFPMNPPKYDKIEDMAMMTHLHEPGVLYNLKERYAAWMIYTYSGLFCVTVNPYKWLPVYKPEVVAAYRGKKRQEAPPHIFSISDNAYQFMLTDRENQSILITGESGAGKTVNTKRVIQYFATIAVTGEKKKDESGKMQGTLEDQIISANPLLEAFGNAKTVRNDNSSRFGKFIRIHFGTTGKLASADIETYLLEKSRVTFQLKAERSYHIFYQITSNKKPDLIEMLLITTNPYDYAFVSQGEITVPSIDDQEELMATDSAIDILGFTPEEKVSIYKLTGAVMHYGNMKFKQKQREEQAEPDGTEVADKAAYLQSLNSADLLKALCYPRVKVGNEYVTKGQTVQQVYNAVGALAKAVYEKMFLWMVTRINQQLDTKQPRQYFIGVLDIAGFEIFDFNSLEQLCINFTNEKLQQFFNHHMFVLEQEEYKKEGIEWTFIDFGMDLAACIELIEKPLGIFSILEEECMFPKATDTSFKNKLYDQHLGKSANFQKPKVVKGKAEAHFSLIHYAGTVDYNITGWLDKNKDPLNDTVVGLYQKSAMKTLASLFSTYASAEAGTFCKGAKKKGSSFQTVSALFRENLNKLMTNLRSTHPHFVRCIIPNETKTPGAMEHELVLHQLRCNGVLEGIRICRKGFPSRILYGDFKQRYKVLNASAIPEGQFIDSKKASEKLLASIDIDHTQYKFGHTKVFFKAGLLGLLEEMRDEKLAQIITRTQAVCRGFLMRVEYQKMLQRREALFCIQYNVRAFMNVKHWPWMKLFFKIKPLLKSAETEKEMATMKEEFQKTKDELAKSEAKRKELEEKMVTLLKEKNDLQLQVQSEADSLADAEERCEQLIKNKIQLEAKIKEVTERAEEEEEINAELTAKKRKLEDECSELKKDIDDLELTLAKVEKEKHATENKVKNLTEEMAGLDETIAKLSKEKKALQETHQQTLDDLQAEEDKVNTLTKAKTKLEQQVDDLEGSLEQEKKLRMDLERAKRKLEGDLKLAQESTMDMENDKQQLDEKLEKKEFEISNLISKIEDEQAVEIQLQKKIKELQARIEELGEEIEAERASRAKAEKQRSDLSRELEEISERLEEAGGATSAQVELNKKREAEFQKLRRDLEEATLQHEAMVAALRKKHADSMAELGEQIDNLQRVKQKLEKEKSELKMEIDDLSSNAEAISKAKGNLEKMCRSLEDQVSELKTKEEEQQRLINDLTAQRARLQTEAGEYSRQLDEKDALVSQLSRSKQASTQQIEELKHQLEEETKAKNALAHALQSSRHDCDLLREQYEEEQEGKAELQRALSKANSEVAQWRTKYETDAIQRTEELEEAKKKLAQRLQEAEEHVEAVNAKCASLETTKQRLQNEVEDLMLDVERSNAACAALDKKQRNFDKVLSEWKQKYEETQGELEASQKESRSLSTELFKVKNVYEESLDQLEMLRRENKNLQQEISDLTEQIAEGGKQIHELEKIKKQVEQEKCEIQAALEEAEASLEHEEGKILRIQLELNQVKSEVDRKIAEKDEEIDQLKRNHTRVVETMQSTLDAEIRSRNDALRVKKKMEGDLNEMEIQLNHANRLAAESLRNYRNTQGILKETQLHLDDALRGQEDLKEQLAIVERRANLQQAEIEELRATLEQTERSRKIAEQELLDASERVQLLHTQNTSLINTKKKLENDVSQLQSEVEEVIQESRNAEEKAKKAITDAAMMAEELKKEQDTSAHLERMKKNLEQTVKDLQHRLDEAEQLALKGGKKQIQKLEARVRELEGEVENEQKRNAEAVKGLRKHERRVKELTYQTEEDRKNVLRLQDLVDKLQAKVKSYKRQAEEAEEQSNANLSKFRKLQHELEEAEERADIAESQVNKLRVKSREVHTKISAE
myosin,papio_anubis,MSASSDAEMAVFGEAAPYLRKSEKERIEAQNKPFDAKTSVFVVEPKESYVKSAIQSKEGGRVTVKTEGGATLTVREDQVFPMNPPKYDKIEDMAMMTHLHEPGVLYNLKERYAAWMIYTYSGLFCVTVNPYKWLPVYNPEVVAAYRGKKRQEAPPHIFSISDNAYQFMLTDRENQSILITGESGAGKTVNTKRVIQYFATIAVTGEKKKDESGKMQGTLEDQIISANPLLEAFGNAKTVRNDNSSRFGKFIRIHFGTTGKLASADIETYLLEKSRVTFQLKAERSYHIFYQITSNKKPDLIEMLLITTNPYDYAFVSQGEITVPSIDDQEELVATDSAIDILGFTPEEKVSIYKLTGAVMHYGNMKFKQKQREEQAEPDGTEVADKAAYLQSLNSADLLKALCYPRVKVGNEYVTKGQTVQQVYNAVGALAKAVYEKMFLWMVTRINQQLDTKQPRQYFIGVLDIAGFEIFDFNSLEQLCINFTNEKLQQFFNHHMFVLEQEEYKKEGIEWTFIDFGMDLAACIELIEKPLGIFSILEEECMFPKATDTSFKNKLYDQHLGKSANFQKPKVVKGKAEAHFSLIHYAGTVDYNITGWLDKNKDPLNDTVVGLYQKSAMKTLASLFSTYASAEADSGAKKGAKKKGSSFQTVSALFRENLNKLMTNLRSTHPHFVRCIIPNETKTPGAMEHELVLHQLRCNGVLEGIRICRKGFPSRILYGDFKQRYKVLNASAIPEGQFIDSKKASEKLLASIDIDHTQYKFGHTKVFFKAGLLGLLEEMRDEKLAQIITRTQAVCRGFLMRVEYQKMLQRREALFCIQYNVRAFMNVKHWPWMKLFFKIKPLLKSAETEKEMATMKEEFQKTKDELAKSEAKRKELEEKMVTLLKEKNDLQLQVQSEADSLADAEERCEQLIKNKIQLEAKIKEVTERAEEEEEINAELTAKKRKLEDECSELKKDIDDLELTLAKVEKEKHATENKVKNLTEEMAGLDETIAKLSKEKKALQEAHQQTLDDLQAEEDKVNTLAKAKTKLEQQVDDLEGSLEQEKKLRMDLERAKRKLEGDLKLAQESTMDIENDKQQLDEKLKKKEFEISNLISKIEDEQAVEIQLQKKIKELQARIEELEEEIEAERASRAKAEKQRSDLSRELEEISERLEEAGGATSAQVELNKKREAEFQKLRRDLEEATLQHEAMAAALRKKHADSMAELGEQIDSLQRVKQKLEKEKSELKMEIDDLSNNAEAISKAKGNLEKMCRALEDQVSELKTKEEEQQRLINDLTAQRARLQTEAGEYSRQLDEKDALVSQLSRSKQASTQQIEELKRQLEEETKAKNALAHALQSSRHDCDLLREQYEEEQEGKAELQRALSKANSEVAQWRTKYETDAIQRTEELEEAKKKLAQRLQEAEEHVEAVNAKCASLEKTKQRLQNEVEDLMLDVERSNAACAALDKKQRNFDKVLSEWKQKYEETQAELEASQKEACSLSTELFKVKNAYEESLDQLETLRRENKNLQQEISDLTEQIAEGGKQIHELEKIKKQVEQEKCEIQAALEEAEASLEHEEGKILRIQLELNQVKSEVDRKIAEKDEEIDQLKRNHTRVVETMQSTLDAEIRSRNDALRVKKKMEGDLNEMEIQLNHANRLAAESLRNYRNTQGILKETQLHLDDALRGQEDLKEQLAIIERRANLLQAEIEELRATLEQTERSRKIAEQELLDASERVQLLHTQNTSLINTKKKLENDVSQLQSEVEEVIQESRNAEEKAKKAITDAAMMAEELKKEQDTSAHLERMKKNLEQTVKDLQHRLDEAEQLALKGGKKQIQKLEARVRELEGEVENEQKRNAEAVKGLRKHERRVKELTYQTEEDRKNVLRLQDLVDKLQAKVKSYKRLAEEAEEQSNANLSKFRKLQHELEEAEERADIAESQVNKLRVKSREVHTKISAE
myosin,nomascus_leucogenys,MSASSDAEMAVFGEAAPYLRKSEKERIEAQNKPFDAKTSVFVAEPKESYVKSTIQSKEGGKITVKTEGGATLTVREDQVFPMNPPKFDKIEDMAMMTHLHEPGVLYNLKERYAAWMIYTYSGLFCVTVNPYKWLPVYKPEVVAAYRGKKRQEAPPHIFSISDNAYQFMLTDRENQSILITGESGAGKTVNTKRVIQYFATIAVTGEKKKDESGKMQGTLEDQIISANPLLEAFGNAKTVRNDNSSRFGKFIRIHFGTTGKLASADIETYLLEKSRVTFQLKAERSYHIFYQITSNKKPDLIEMLLITTNPYDYAFVSQGEITVPSIDDQEELMATDSAIDILGFTPEEKVSIYKLTGAVMHYGNMKFKQKQREEQAEPDGTEVADKAAYLQSLNSADLLKALCYPRVKVGNEYVTKGQTVQQVYNAVGALAKAVYEKMFLWMVTRINQQLDTKQPRQYFIGVLDIAGFEIFDFNSLEQLCINFTNEKLQQFFNHHMFVLEQEEYKKEGIEWTFIDFGMDLAACIELIEKPLGIFSILEEECMFPKATDTSFKNKLYDQHLGKSANFQKPKVVKGKAEAHFSLIHYAGTVDYNITGWLDKNKDPLNDTVVGLYQKSAMKTLASLFSTYASAEAGTFCKGAKKKGSSFQTVSALFRENLNKLMTNLRSTHPHFVRCIIPNETKTPGAMEHELVLHQLRCNGVLEGIRICRKGFPSRILYGDFKQRYKVLNASAIPEGQFIDSKKASEKLLASIDIDHTQYKFGHTKVFFKAGLLGLLEEMRDEKLAQIITRTQAVCRGFLMRVEYQKMLQRREALFCIQYNVRAFMNVKHWPWMKLFFKIKPLLKSAETEKEMATMKEEFQKTKDELAKSEAKRKELEEKMVTLLKEKNDLQLQVQSEADSLADAEERCEQLIKNKIQLEAKIKEVTERAEEEEEINAELTAKKRKLEDECSELKKDIDDLELTLAKVEKEKHATENKVKNLTEEMAGLDETIAKLSKEKKALQETHQQTLDDLQAEEDKVNILTKAKTKLEQQVDDLEGSLEQEKKLRMDLERAKRKLEGDLKLAQESTMDIENDKQQLDEKLKKKEFEISNLISKIEDEQAVEIQLQKKIKELQARIEELEEEIEAERASRAKAEKQRSDLSRELEEISERLEEAGGATSAQVELNKKREAEFQKLRRDLEEATLQHEAMAAALRKKHADSMAELGEQIDNLQRVKQKLEKEKSELKMEIDDLSSNAEAISKAKGNLEKMCHSLEDQVSELKTKEEEQQRLINDLTAQRARLQTEAGEYSRQLDEKDALVSQLSRSKQASIQQIEELKHQLEEETKAKNALAHALQSSRHDCDLLREQYEEEQEGKAELQRALSKANSEVAQWRTKYETDAIQRTEELEEAKKKLAQRLQEAEEHVEAVNAKCASLEKTKQRLQNEVEDLMLDVERSNAACAALDKKQRNFDKVLSEWKQKYEETQAELEASQKESRSLSTELFKVKNAYEESLDQLETLRRENKNLQQEISDLTEQIAEGGKQIHELEKIKKQVEQEKCEIQAALEEAEASLEHEEGKILRIQLEFNQVKSEVDRKIAEKDEEIDQLKRNHTRVVETMQSTLDAEIRSRNDALRVKKKMEGDLNEMEIQLNHANRLAAESLRNYRNTQGILKETQLHLDDALQGQEDLKEQLAIVERRANLLQAEIEELRATLEQTERSRKIAEQELLDASERVQLLHTQNTSLINTKKKLENDVSQLQSEVEEVIQESRNTEEKAKKAITDAAMMAEELKKEQDTSAHLERMKKNLEQTVKDLQHRLDEAEQLALKGGKKQIQKLEARVRELEGEVENEQKRNAEVVKGLRKHERRVKELTYQTEEDRKNVLRLQDLVDKLQAKVKSYKRQAEEAEEQSNAHLSKFRKLQHELEEAEERADIAESQVNKLRVKSREVPTKISAE
myosin,macaca_fascicularis,MSASSDAEMAVFGEAAPYLRKSEKERIEAQNKPFDAKTSVFVAEPKESYVKSAIQSKEGGRVTVKTEGGATLTVREDQVFPMNPPKYDKIEDMAMMTHLHEPGVLYNLKERYAAWMIYTYSGLFCVTVNPYKWLPVYNPEVVAAYRGKKRQEAPPHIFSISDNAYQFMLTDRENQSILITGESGAGKTVNTKRVIQYFATIAVTGEKKKDESGKMQGTLEDQIISANPLLEAFGNAKTVRNDNSSRFGKFIRIHFGTTGKLASADIETYLLEKSRVTFQLKAERSYHIFYQITSNKKPDLIEMLLITTNPYDYAFVSQGEITVPSIDDQEELMATDSAIDILGFTPEEKVSIYKLTGAVMHYGNMKFKQKQREEQAEPDGTEVADKAAYLQSLNSADLLKALCYPRVKVGNEYVTKGQTVQQVYNAVGALAKAVYEKMFLWMVARINQQLDTKQPRQYFIGVLDIAGFEIFDFNSLEQLCINFTNEKLQQFFNHHMFVLEQEEYKKEGIEWTFIDFGMDLAACIELIEKPLGIFSILEEECMFPKATDTSFKNKLYDQHLGKSANFQKPKVVKGKAEAHFSLIHYAGTVDYNITGWLDKNKDPLNDTVVGLYQKSAMKTLASLFSTYASAEADSGAKKGAKKKGSSFQTVSALFRENLNKLMTNLRSTHPHFVRCIIPNETKTPGAMEHELVLHQLRCNGVLEGIRICRKGFPSRILYGDFKQRYKVLNASAIPEGQFIDSKKASEKLLASIDIDHTQYKFGHTKVFFKAGLLGLLEEMRDEKLAQIITRTQAVCRGFLMRVEYQKMLQRREALFCIQYNVRAFMNVKHWPWMKLFFKIKPLLKSAETEKEMATMKEEFQKTKDELAKSEAKRKELEEKMVTLLKEKNDLQLQVQSEADSLADAEERCEQLIKNKIQLEAKIKEVTERAEEEEEINAELTAKKRKLEDECSELKKDIDDLELTLAKVEKEKHATENKVKNLTEEMAGLDETIAKLSKEKKALQEAHQQTLDDLQAEEDKVNTLAKAKTKLEQQVDDLEGSLEQEKKLRMDLERAKRKLEGDLKLAQESTMDIENDKQQLDEKLKKKEFEISNLISKIEDEQAVEIQLQKKIKELQARIEELEEEIEAERASRAKAEKQRSDLSRELEEISERLEEAGGATSAQIEMNKKREAEFQKLRRDLEEATLQHEAMAAALRKKHADSVAELGEQIDNLQRVKQKLEKEKSELKMEIDDLSSNAEAISKAKGNLEKMCRALEDQVSELKTKEEEQQRLINDLTAQRARLQTEAGEYSRQLDEKDALVSQLSRSKQASTQQIEELKRQLEEETKAKNALAHALQSSRHDCDLLREQYEEEQEGKAELQRALSKANSEVAQWRTKYETDAIQRTEELEEAKKKLAQRLQEAEEHVEAVNAKCASLEKTKQRLQNEVEDLMLDVERSNAACAALDKKQRNFDKVLSEWKQKYEETQAELEASQKEACSLSTELFKVKNAYEESLDQLETLRRENKNLQQEISDLTEQIAEGGKQIHELEKIKKQVEQEKCEIQAALEEAEASLEHEEGKILRIQLELNQVKSEVDRKIAEKDEEIDQLKRNHTRVVETMQSTLDAEIRSRNDALRVKKKMEGDLNEMEIQLNHANRLAAESLRNYRNTQGILKETQLHLDDALRGQEDLKEQLAIIERRANLLQAEIEELRATLEQTERSRKIAEQELLDASERVQLLHTQNTSLINTKKKLENDVSQLQSEVEEVIQESRNAEEKAKKAITDAAMMAEELKKEQDTSAHLERMKKNLEQTVKDLQHRLDEAEQLALKGGKKQIQKLEARVRELEGEVENEQKRNAEAVKCLRKHERRVKELTYQTEEDRKNVLRLQDLVDKLQAKVKSYKRLAEEAEEQSNANLSKIRKLQHELEEAEERADIAESQVNKLRVKSREVHTKISAE
myosin,chlorocebus_sabaeus,MSASSDAEMAIFGEAAPYLRKSEKERIEAQNKPFDAKTSVFVVEPKESYVKSAIQSKEGGRVTVKTEGGATLTVKEDQVFPMNPPKYDKIEDMAMMTHLHEPGVLYNLKERYAAWMIYTYSGLFCVTVNPYKWLPVYNPEVVAAYRGKKRQEAPPHIFSISDNAYQFMLTDRENQSILITGESGAGKTVNTKRVIQYFATIAVTGEKKKDESGKMQGTLEDQIISANPLLEAFGNAKTVRNDNSSRFGKFIRIHFGTTGKLASADIETYLLEKSRVTFQLKAERSYHIFYQITSNKKPDLIEMLLITTNPYDYAFVSQGEITVPSIDDQEELMATDSAIDILGFTPEEKVSIYKLTGAVMHYGNMKFKQKQREEQAEPDGTEVADKAAYLQSLNSADLLKALCYPRVKVGNEYVTKGQTVQQVYNAVGALAKAVYEKMFLWMVTRINQQLDTKQPRQYFIGVLDIAGFEIFDFNSLEQLCINFTNEKLQQFFNHHMFVLEQEEYKKEGIEWTFIDFGMDLAACIELIEKPLGIFSILEEECMFPKATDTSFKNKLYDQHLGKSANFQKPKVVKGKAEAHFSLIHYAGTVDYNITGWLDKNKDPLNDTVVGLYQKSAMKTLASLFSTYASAEAGTSVGAKKGAKKKGSSFQTVSALFRENLNKLMTNLRSTHPHFVRCIIPNETKTPGAMEHELVLHQLRCNGVLEGIRICRKGFPSRILYGDFKQRYKVLNASAIPEGQFIDSKKASEKLLASIDIDHTQYKFGHTKVFFKAGLLGLLEEMRDEKLAQIITRTQAVCRGFLMRVEYQKMLQRREALFCIQYNVRAFMNVKHWPWMKLFFKIKPLLKSAETEKEMATMKEEFQKTKDELAKSEAKRKELEEKMVTLLKEKNDLQLQVQSEADSLADAEERCEQLIKNKIQLEAKIKEVTERAEDEEEINAELTAKKRKLEDECSELKKDIDDLELTLAKVEKEKHATENKVKNLTEEMAGLDETIAKLSKEKKALQEAHQQTLDDLQAEEDKVNTLTKAKTKLEQQVDDLEGSLEQEKKLRMDLERAKRKLEGDLKLAQESTMDIENDKQQLDEKLKKKEFEISNLISKIEDEQAVEIQLQKKIKELQARIEELEEEIEAERASRAKAEKQRSDLSRELEEISERLEEAGGATSAQVELNKKREAEFQKLRRDLEEATLQHEAMAAALRKKHADSMAELGEQIDNLQRVKQKLEKEKSELKMEIDDLSSNAEVISKAKGNLEKMCRALEDQVSELKTKEEEQQRLINDLTAQRARLQTEAGEYSRQLDEKDALVSQLSRSKQASTQQIEELKRQLEEETKAKNALAHALQSSRHDCDLLREQYEEEQEGKAELQRALSKANSEVAQWRTKYETDAIQRTEELEEAKKKLAQRLQEAEEHVEAVNAKCASLEKTKQRLQNEVEDLMLDVERSNAACAALDKKQRNFDKVLSEWKQKYEETQAELEASQKEACSLSTELFKVKNVYEESLDQLETLRRENKNLQQEISDLTEQIAEGGKQIHELEKIKKQVEQEKCEIQAALEEAEASLEHEEGKILRIQLELNQVKSEVDRKIAEKDEEIDQLKRNHTRVVETMQSTLDAEIRSRNDALRVKKKMEGDLNEMEIQLNHANRLAAESLRNYRNTQGILKETQLHLDDALRGQEDLKEQLAIIERRANLLQAEIEELRATLEQTERSRKIAEQELLDASERVQLLHTQNTSLINTKKKLENDVSQLQSEVEEVIQESRNAEEKAKKAITDAAMMAEELKKEQDTSAHLERMKKNLEQTVKDLQHRLDEAEQLALKGGKKQIQKLEARVRELEGEVENEQKRNAEAVKGLRKHERRVKELTYQTEEDRKNVLRLQDLVDKLQAKVKSYKRLAEEAEEQSNANLAKFRKLQHELEEAEERADIAESQVNKLRVKSREVHTKISAE
p53,pan_paniscus,METVSGSIGRAGPPPPHPNPSPLVETCGKRKFHGTDFLLLSFRLPENNVLSPLPSQAMDDLMLSPDDIEQWFTEDPGPDEAPRMPEAAPPVAPAPAAPTPAAPAPAPSWPLSSSVPSQKTYQGSYGFRLGFLHSGTAKSVTCTYSPALNKMFCQLAKTCPVQLWVDSTPPPGTRVRAMAIYKQSQHMTEVVRRCPHHERCSDSDGLAPPQHLIRVEGNLRVEYLDDRNTFRHSVVVPYEPPEVGSDCTTIHYNYMCNSSCMGGMNRRPILTIITLEDSSGNLLGRNSFEVRVCACPGRDRRTEEENLRKKGEPHHELPPGSTKRALPNNTSSSPQPKKKPLDGEYFTLQIRGRERFEMFRELNEALELKDAQAGKEPGGSRAHSSHLKSKKGQSTSRHKKLMFKTEGPDSD
p53,gorilla_gorilla_gorilla,MEEPQSDPSVEPPLSQETFSDLWKLLPENNVLSPLPSQAMDDLMLSPDDIEQWFTEDPGPDEAPRMPEAAPPVAPAPAAPTPAAPAPAPSWPLSSSVPSQKTYQGSYGFRLGFLHSGTAKSVTCTYSPTLNKMFCQLAKTCPVQLWVDSTPPPGTRVRAMAIYKQSQHMTEVVRRCPHHERCSDSDGLAPPQHLIRVEGNLRVEYLDDRNTFRHSVVVPYEPPEVGSDCTTIHYNYMCNSSCMGGMNRRPILTIITLEDSSGNLLGRNSFEVRVCACPGRDRRTEEENLRKKGEPHHELPPGSTKRALPNNTSSSPQPKKKPLDGEYFTLQIRGRERFEMFRELNEALELKDAQAGKEPGGSRAHSSHLKSKKGQSTSRHKKLMFKTEGPDSD
p53,nomascus_leucogenys,MEEPQSDPSVEPPLSQETFSDLWKLLPENNVLSPLPSQAMDDLMLSPEDIAQWFTEDPGPHEAPRMSEAAPPMAPAPAAPTLAAPAPAPSWPLSSSVPSQKTYQGSYGFRLGFLHSGTAKSVTCTYSPALNKMFCQLAKTCPVQLWVDSTPPPGTRVRAMAIYKQSQHMTEVVRRCPHHERCSDSDGLAPPQHLIRVEGNLRVEYLDDRNTFRHSVVVPYEPPEVGSDCTTIHYNYMCNSSCMGGMNRRPILTIITLEDSSGNLLGRNSFEVRVCACPGRDRRTEEENFHKKGEPHHELPPGSTKRALPNNTSSSPQPKKKPLDGEYFTLQIRGRERFEMFRELNEALELKDAQAGKEPGGSRAHSSHLKSKKGQSTSRHKKLMFKTEGPDSD
p53,homo_sapiens,MEEPQSDPSVEPPLSQETFSDLWKLLPENNVLSPLPSQAMDDLMLSPDDIEQWFTEDPGPDEAPRMPEAAPRVAPAPAAPTPAAPAPAPSWPLSSSVPSQKTYQGSYGFRLTCTYSPALNKMFCQLAKTCPVQLWVDSTPPPGTRVRAMAIYKQSQHMTEVVRRCPHHERCSDSDGLAPPQHLIRVEGNLRVEYLDDRNTFRHSVVVPYEPPEVGSDCTTIHYNYMCNSSCMGGMNRRPILTIITLEDSSGNLLGRNSFEVRVCACPGRDRRTEEENLRKKGEPHHELPPGSTKRALPNNTSSSPQPKKKPLDGEYFTLQIRGRERFEMFRELNEALELKDAQAGKEPGGSRAHSSHLKSKKGQSTSRHKKLMFKTEGPDSD
p53,chlorocebus_sabaeus,MEEPQSDPSIEPPLSQETFSDLWKLLPENNVLSPLPSQAVDDLMLSPDDLAQWLTEDPGPDEAPRMSEAAPPMAPTPAAPTPAAPAPAPSWPLSSSVPSQKTYHGSYGFRLGFLHSGTAKSVTCTYSPDLNKMFCQLAKTCPVQLWVDSTPPPGSRVRAMAIYKQSQHMTEVVRRCPHHERCSDSDGLAPPQHLIRVEGNLRVEYSDDRNTFRHSVVVPYEPPEVGSDCTTIHYNYMCNSSCMGGMNRRPILTIITLEDSSGNLLGRNSFEVRVCACPGRDRRTEEENFRKKGEPCHELPPGSTKRALPNNTSSSPQPKKKPLDGEYFTLQIRGRERFEMFRELNEALELKDAQAGKEPAGSRAHSSHLKSKKGQSTSRHKKFMFKTEGPDSD
p53,papio_anubis,MEEPQSDPSIEPPLSQETFSDLWKLLPENNVLSPLPSQAVDDLMLSPDDLAQWLTEDPGPDEAPRMSEATPPMAPTPAAPTPAAPAPAPSWPLSSSVPSQKTYHGSYGFRLGFLHSGTAKSVTCTYSPDLNKMFCQLAKTCPVQLWVDSTPPPGSRVRAMAIYKQSQHMTEVVRRCPHHERCSDSDGLAPPQHLIRVEGNLRVEYSDDRNTFRHSVVVPYEPPEVGSDCTTIHYNYMCNSSCMGGMNRRPILTIITLEDSSGNLLGRNSFEVRVCACPGRDRRTEEENFRKKGEPCHELPPGSTKRALPNNTSSSPQPKKKPLDGEYFTLQIRGRERFEMFRELNEALELKDAQAGKEPAGSRAHSSHLKSKKGQSTSRHKKFMFKTEGPDSD
p53,macaca_fascicularis,MEEPQSDPSIEPPLSQETFSDLWKLLPENHVLSPLPSQAVDDLMLSPDDLAQWLTEDPGPDEAPRMSEAAPPMAPTPAAPTPAAPAPAPSWPLSSSVPSQKTYHGSYGFRLGFLHSGTAKSVTCTYSPDLNKMFCQLAKTCPVQLWVDSTPPPGSRVRAMAIYKQSQHMTEVVRRCPHHERCSDSDGLAPPQHLIRVEGNLRVEYSDDRNTFRHSVVVPYEPPEVGSDCTTIHYNYMCNSSCMGGMNRRPILTIITLEDSSGNLLGRNSFEVRVCACPGRDRRTEEENFRKKGEPCHQLPPGSTKRALPNNTSSSPQPKKKPLDGEYFTLQIRGRERFEMFRELNEALELKDAQAGKEPAGSRAHSSHLKSKKGQSTSRHKKFMFKTEGPDSD
